OPT_NIFTY_20250626_PE_2485000,0,0,0,0,5325,2142780,5325
OPT_NIFTY_20250626_PE_2495000,0,0,0,0,4350,1921612.5,4350
OPT_NIFTY_20250626_CE_2505000,0,0,0,0,-300,-174585,-300
OPT_NIFTY_20250626_PE_2505000,0,0,0,0,4125,1924106.25,4125
OPT_NIFTY_20250626_CE_2515000,0,0,0,0,150,78150,150
OPT_NIFTY_20250626_PE_2515000,0,0,0,0,2925,1515003.75,2925
OPT_NIFTY_20250626_CE_2525000,0,0,0,0,-300,-139530,-300
OPT_NIFTY_20250626_CE_2545000,0,0,0,0,1200,439740,1200
OPT_NIFTY_20250731_PE_2420000,0,0,0,0,-450,-157185,-450
OPT_NIFTY_20250731_CE_2430000,0,0,0,0,75,103552.5,75
OPT_NIFTY_20250731_PE_2430000,0,0,0,0,-150,-55470,-150
OPT_NIFTY_20250731_PE_2440000,0,0,0,0,-900,-348210,-900
OPT_NIFTY_20250731_CE_2450000,0,0,0,0,4875,5802956.25,4875
OPT_NIFTY_20250731_PE_2450000,0,0,0,0,-13125,-5461968.75,-13125
OPT_NIFTY_20250731_CE_2460000,0,0,0,0,1500,1667250,1500
OPT_NIFTY_20250731_PE_2460000,0,0,0,0,-450,-199665,-450
OPT_NIFTY_20250731_PE_2470000,0,0,0,0,-525,-244492.5,-525
OPT_NIFTY_20250731_PE_2490000,0,0,0,0,1125,592818.75,1125
OPT_NIFTY_20250731_CE_2500000,0,0,0,0,-1200,-1007100,-1200
OPT_NIFTY_20250731_PE_2500000,0,0,0,0,6375,3587212.5,6375
OPT_NIFTY_20250731_PE_2510000,0,0,0,0,300,178470,300
OPT_NIFTY_20250731_CE_2520000,0,0,0,0,225,163755,225
OPT_NIFTY_20250731_PE_2520000,0,0,0,0,1275,798405,1275
OPT_NIFTY_20250731_CE_2530000,0,0,0,0,150,99060,150
OPT_NIFTY_20250731_PE_2530000,0,0,0,0,1350,921645,1350
OPT_NIFTY_20250731_CE_2540000,0,0,0,0,-150,-91912.5,-150
OPT_NIFTY_20250731_CE_2550000,0,0,0,0,-5400,-3007260,-5400
OPT_NIFTY_20250731_CE_2435000,0,0,0,0,75,101081.25,75
OPT_NIFTY_20250731_CE_2445000,0,0,0,0,375,481218.75,375
OPT_NIFTY_20250731_CE_2455000,0,0,0,0,75,91541.25,75
OPT_NIFTY_20250731_PE_2455000,0,0,0,0,-225,-109788.75,-225
OPT_NIFTY_20250731_PE_2495000,0,0,0,0,300,195030,300
OPT_NIFTY_20250731_PE_2515000,0,0,0,0,375,278456.25,375
OPT_NIFTY_20250731_CE_2525000,0,0,0,0,75,62576.25,75
OPT_NIFTY_20250731_CE_2535000,0,0,0,0,150,96210,150
OPT_SENSEX_20250513_CE_8000000,0,0,0,0,-4200,-10551030,-4200
OPT_SENSEX_20250513_PE_8000000,0,0,0,0,-340,-10268,-340
OPT_SENSEX_20250513_PE_7810000,0,0,0,0,-20,-174,-20
OPT_SENSEX_20250513_PE_7860000,0,0,0,0,-120,-1368,-120
OPT_SENSEX_20250513_PE_7870000,0,0,0,0,-160,-1984,-160
OPT_SENSEX_20250513_PE_7880000,0,0,0,0,-260,-3302,-260
OPT_SENSEX_20250513_PE_7900000,0,0,0,0,-280,-4102,-280
OPT_SENSEX_20250513_CE_7910000,100,0,-500,0,1340,4560355,1340
OPT_SENSEX_20250513_PE_7910000,0,0,0,0,-320,-5056,-320
OPT_SENSEX_20250513_CE_7920000,0,0,0,0,3280,10954052,3280
OPT_SENSEX_20250513_CE_7930000,0,0,0,0,9660,30792699,9660
OPT_SENSEX_20250513_PE_7930000,0,0,0,0,-40,-724,-40
OPT_SENSEX_20250513_CE_7940000,0,0,0,0,10820,33030755,10820
OPT_SENSEX_20250513_CE_7950000,0,0,0,0,5940,17521515,5940
OPT_SENSEX_20250513_CE_7960000,0,0,0,0,3480,10042062,3480
OPT_SENSEX_20250513_PE_7960000,0,0,0,0,-1360,-29648,-1360
OPT_SENSEX_20250513_CE_7970000,0,0,0,0,1660,4671655,1660
OPT_SENSEX_20250513_PE_7970000,0,0,0,0,-1260,-29610,-1260
OPT_SENSEX_20250513_CE_7980000,0,0,0,0,-640,-1747296,-640
OPT_SENSEX_20250513_PE_7980000,0,0,0,0,-1100,-28380,-1100
OPT_SENSEX_20250513_CE_7990000,0,0,0,0,-3980,-10502424,-3980
OPT_SENSEX_20250513_PE_7990000,0,0,0,0,-920,-25944,-920
OPT_SENSEX_20250513_CE_8010000,0,0,0,0,-4160,-10036208,-4160
OPT_SENSEX_20250513_PE_8010000,0,0,0,0,-380,-12730,-380
OPT_SENSEX_20250513_CE_8020000,0,0,0,0,-4020,-9281577,-4020
OPT_SENSEX_20250513_PE_8020000,0,0,0,0,1340,48709,1340
OPT_SENSEX_20250513_CE_8030000,0,0,0,0,-2300,-5176610,-2300
OPT_SENSEX_20250513_PE_8030000,0,0,0,0,1980,79596,1980
OPT_SENSEX_20250513_CE_8040000,0,0,0,0,1060,2247624,1060
OPT_SENSEX_20250513_PE_8040000,0,0,0,0,2080,91520,2080
OPT_SENSEX_20250513_CE_8050000,0,0,0,0,2480,4974508,2480
OPT_SENSEX_20250513_PE_8050000,0,0,0,0,3880,184300,3880
OPT_SENSEX_20250513_CE_8060000,0,0,0,0,2600,5033860,2600
OPT_SENSEX_20250513_PE_8060000,0,0,0,0,3780,198261,3780
OPT_SENSEX_20250513_CE_8070000,0,0,0,0,2220,4187586,2220
OPT_SENSEX_20250513_PE_8070000,0,0,0,0,3640,211666,3640
OPT_SENSEX_20250513_CE_8080000,0,0,0,0,3040,5279264,3040
OPT_SENSEX_20250513_PE_8080000,0,0,0,0,3180,205428,3180
OPT_SENSEX_20250513_CE_8090000,0,0,0,0,1620,2673972,1620
OPT_SENSEX_20250513_PE_8090000,0,0,0,0,2080,150800,2080
OPT_NIFTY_20250515_PE_2320000,0,0,0,0,-1650,-12375,-1650
OPT_NIFTY_20250515_PE_2330000,0,0,0,0,-6900,-57960,-6900
OPT_NIFTY_20250515_PE_2340000,0,0,0,0,-4425,-42258.75,-4425
OPT_NIFTY_20250515_PE_2350000,0,0,0,0,-4125,-44962.5,-4125
OPT_NIFTY_20250515_PE_2360000,0,0,0,0,-1575,-19372.5,-1575
OPT_NIFTY_20250515_PE_2370000,0,0,0,0,-300,-4200,-300
OPT_NIFTY_20250515_CE_2390000,0,0,0,0,3300,3538260,3300
OPT_NIFTY_20250515_PE_2390000,0,0,0,0,-2925,-54258.75,-2925
OPT_NIFTY_20250515_CE_2400000,0,0,0,0,10350,10090215,10350
OPT_NIFTY_20250515_CE_2410000,0,0,0,0,12825,11201996.25,12825
OPT_NIFTY_20250515_PE_2410000,0,0,0,0,225,6052.5,225
OPT_NIFTY_20250515_CE_2420000,0,0,0,0,450,353025,450
OPT_NIFTY_20250515_PE_2420000,0,0,0,0,3000,99750,3000
OPT_NIFTY_20250515_CE_2430000,0,0,0,0,-525,-365610,-525
OPT_NIFTY_20250515_PE_2430000,0,0,0,0,7125,299962.5,7125
OPT_NIFTY_20250515_CE_2440000,0,0,0,0,-300,-183000,-300
OPT_NIFTY_20250515_PE_2440000,0,0,0,0,8475,453412.5,8475
OPT_NIFTY_20250515_CE_2450000,0,0,0,0,-150,-78285,-150
OPT_NIFTY_20250515_PE_2450000,0,0,0,0,11025,748046.25,11025
OPT_NIFTY_20250515_CE_2460000,0,0,0,0,-450,-199080,-450
OPT_NIFTY_20250515_PE_2460000,0,0,0,0,11550,996765,11550
OPT_NIFTY_20250515_CE_2470000,0,0,0,0,-10875,-3955781.25,-10875
OPT_NIFTY_20250515_PE_2470000,0,0,0,0,4950,540292.5,4950
OPT_NIFTY_20250515_CE_2480000,0,0,0,0,-10650,-3114060,-10650
OPT_NIFTY_20250515_PE_2480000,0,0,0,0,-6900,-951855,-6900
OPT_NIFTY_20250515_CE_2490000,0,0,0,0,-9075,-2060478.75,-9075
OPT_NIFTY_20250515_PE_2490000,0,0,0,0,-4575,-795135,-4575
OPT_NIFTY_20250515_CE_2500000,0,0,0,0,-5550,-950437.5,-5550
OPT_NIFTY_20250515_PE_2500000,0,0,0,0,1875,407531.25,1875
OPT_NIFTY_20250515_CE_2510000,0,0,0,0,-3600,-453420,-3600
OPT_NIFTY_20250515_CE_2520000,0,0,0,0,-600,-53820,-600
OPT_NIFTY_20250515_CE_2530000,0,0,0,0,525,32838.75,525
OPT_NIFTY_20250515_CE_2540000,0,0,0,0,4950,212602.5,4950
OPT_NIFTY_20250515_CE_2550000,0,0,0,0,6525,194118.75,6525
OPT_NIFTY_20250515_PE_2325000,0,0,0,0,-5250,-42000,-5250
OPT_NIFTY_20250515_PE_2335000,0,0,0,0,-6000,-53400,-6000
OPT_NIFTY_20250515_PE_2345000,0,0,0,0,-4950,-50490,-4950
OPT_NIFTY_20250515_PE_2355000,0,0,0,0,-4500,-51750,-4500
OPT_NIFTY_20250515_PE_2365000,0,0,0,0,-450,-5782.5,-450
OPT_NIFTY_20250515_PE_2385000,0,0,0,0,-4050,-69660,-4050
OPT_NIFTY_20250515_CE_2395000,0,0,0,0,9450,9672075,9450
OPT_NIFTY_20250515_PE_2395000,0,0,0,0,-1575,-31815,-1575
OPT_NIFTY_20250515_CE_2405000,0,0,0,0,16125,14986575,16125
OPT_NIFTY_20250515_CE_2415000,0,0,0,0,6600,5510340,6600
OPT_NIFTY_20250515_PE_2415000,0,0,0,0,450,13477.5,450
OPT_NIFTY_20250515_PE_2425000,0,0,0,0,6525,245666.25,6525
OPT_NIFTY_20250515_CE_2435000,0,0,0,0,-450,-293692.5,-450
OPT_NIFTY_20250515_PE_2435000,0,0,0,0,7800,370500,7800
OPT_NIFTY_20250515_CE_2445000,0,0,0,0,-375,-213112.5,-375
OPT_NIFTY_20250515_PE_2445000,0,0,0,0,8625,522675,8625
OPT_NIFTY_20250515_CE_2455000,0,0,0,0,-375,-180750,-375
OPT_NIFTY_20250515_PE_2455000,0,0,0,0,9975,764583.75,9975
OPT_NIFTY_20250515_CE_2465000,0,0,0,0,-3225,-1292902.5,-3225
OPT_NIFTY_20250515_PE_2465000,0,0,0,0,6375,622518.75,6375
OPT_NIFTY_20250515_CE_2475000,0,0,0,0,-10125,-3308850,-10125
OPT_NIFTY_20250515_PE_2475000,0,0,0,0,-2400,-295080,-2400
OPT_NIFTY_20250515_CE_2485000,0,0,0,0,-10050,-2590890,-10050
OPT_NIFTY_20250515_PE_2485000,0,0,0,0,-6675,-1034958.75,-6675
OPT_NIFTY_20250515_CE_2495000,0,0,0,0,-8550,-1698885,-8550
OPT_NIFTY_20250515_PE_2495000,0,0,0,0,-525,-102007.5,-525
OPT_NIFTY_20250515_CE_2505000,0,0,0,0,-5175,-762795,-5175
OPT_NIFTY_20250515_PE_2505000,0,0,0,0,225,54438.75,225
OPT_NIFTY_20250515_CE_2515000,0,0,0,0,-2250,-239512.5,-2250
OPT_NIFTY_20250515_CE_2525000,0,0,0,0,-75,-5625,-75
OPT_NIFTY_20250515_CE_2535000,0,0,0,0,2250,116662.5,2250
OPT_NIFTY_20250515_CE_2545000,0,0,0,0,6150,219555,6150
OPT_NIFTY_20250522_PE_2390000,0,0,0,0,2925,150052.5,2925
OPT_NIFTY_20250522_PE_2400000,0,0,0,0,1725,103068.75,1725
OPT_NIFTY_20250522_PE_2410000,0,0,0,0,5025,349488.75,5025
OPT_NIFTY_20250522_PE_2420000,0,0,0,0,6225,497688.75,6225
OPT_NIFTY_20250522_PE_2430000,0,0,0,0,5700,531240,5700
OPT_NIFTY_20250522_PE_2440000,0,0,0,0,3975,437250,3975
OPT_NIFTY_20250522_PE_2450000,0,0,0,0,5025,636667.5,5025
OPT_NIFTY_20250522_CE_2460000,0,0,0,0,450,242730,450
OPT_NIFTY_20250522_PE_2460000,0,0,0,0,-1050,-156502.5,-1050
OPT_NIFTY_20250522_CE_2470000,0,0,0,0,2925,1362903.75,2925
OPT_NIFTY_20250522_PE_2470000,0,0,0,0,-3225,-564697.5,-3225
OPT_NIFTY_20250522_CE_2480000,0,0,0,0,1800,710100,1800
OPT_NIFTY_20250522_PE_2480000,0,0,0,0,-3225,-657093.75,-3225
OPT_NIFTY_20250522_CE_2490000,0,0,0,0,225,74700,225
OPT_NIFTY_20250522_PE_2490000,0,0,0,0,-1950,-466147.5,-1950
OPT_NIFTY_20250522_CE_2500000,0,0,0,0,5475,1494948.75,5475
OPT_NIFTY_20250522_PE_2500000,0,0,0,0,-300,-84210,-300
OPT_NIFTY_20250522_CE_2510000,0,0,0,0,-2025,-449955,-2025
OPT_NIFTY_20250522_CE_2520000,0,0,0,0,-6075,-1091373.75,-6075
OPT_NIFTY_20250522_CE_2530000,0,0,0,0,-3900,-548535,-3900
OPT_NIFTY_20250522_CE_2540000,0,0,0,0,-4425,-488298.75,-4425
OPT_NIFTY_20250522_CE_2550000,0,0,0,0,-12150,-1049760,-12150
OPT_NIFTY_20250522_PE_2395000,0,0,0,0,2550,142800,2550
OPT_NIFTY_20250522_CE_2405000,0,0,0,0,75,76132.5,75
OPT_NIFTY_20250522_PE_2405000,0,0,0,0,4425,286961.25,4425
OPT_NIFTY_20250522_PE_2415000,0,0,0,0,6900,513015,6900
OPT_NIFTY_20250522_PE_2425000,0,0,0,0,4800,413760,4800
OPT_NIFTY_20250522_PE_2435000,0,0,0,0,4275,430065,4275
OPT_NIFTY_20250522_PE_2445000,0,0,0,0,3450,405030,3450
OPT_NIFTY_20250522_PE_2455000,0,0,0,0,1350,185287.5,1350
OPT_NIFTY_20250522_CE_2465000,0,0,0,0,4200,2119320,4200
OPT_NIFTY_20250522_PE_2465000,0,0,0,0,-2400,-385080,-2400
OPT_NIFTY_20250522_CE_2475000,0,0,0,0,3675,1581903.75,3675
OPT_NIFTY_20250522_PE_2475000,0,0,0,0,-3150,-592200,-3150
OPT_NIFTY_20250522_CE_2485000,0,0,0,0,1200,436140,1200
OPT_NIFTY_20250522_PE_2485000,0,0,0,0,-2100,-465780,-2100
OPT_NIFTY_20250522_CE_2495000,0,0,0,0,3975,1199456.25,3975
OPT_NIFTY_20250522_PE_2495000,0,0,0,0,-900,-234090,-900
OPT_NIFTY_20250522_CE_2505000,0,0,0,0,-300,-74220,-300
OPT_NIFTY_20250522_PE_2505000,0,0,0,0,75,22661.25,75
OPT_NIFTY_20250522_CE_2515000,0,0,0,0,-2775,-555832.5,-2775
OPT_NIFTY_20250522_CE_2525000,0,0,0,0,-3300,-519915,-3300
OPT_NIFTY_20250522_CE_2535000,0,0,0,0,-2475,-307890,-2475
OPT_NIFTY_20250522_CE_2545000,0,0,0,0,-7500,-734250,-7500
OPT_NIFTY_20250529_PE_2330000,0,0,0,0,-825,-39558.75,-825
OPT_NIFTY_20250529_PE_2350000,0,0,0,0,-1350,-77287.5,-1350
OPT_NIFTY_20250529_CE_2400000,0,0,0,0,-3300,-3741210,-3300
OPT_NIFTY_20250529_CE_2410000,0,0,0,0,-4425,-4647135,-4425
OPT_NIFTY_20250529_PE_2410000,0,0,0,0,-1875,-197625,-1875
OPT_NIFTY_20250529_CE_2420000,0,0,0,0,-1575,-1499557.5,-1575
OPT_NIFTY_20250529_CE_2430000,0,0,0,0,-7500,-6584250,-7500
OPT_NIFTY_20250529_PE_2430000,0,0,0,0,-300,-39195,-300
OPT_NIFTY_20250529_CE_2440000,0,0,0,0,-5625,-4451343.75,-5625
OPT_NIFTY_20250529_PE_2440000,0,0,0,0,-300,-44460,-300
OPT_NIFTY_20250529_PE_2450000,0,0,0,0,6600,1086360,6600
OPT_NIFTY_20250529_CE_2460000,0,0,0,0,-750,-474412.5,-750
OPT_NIFTY_20250529_PE_2460000,0,0,0,0,-3600,-685800,-3600
OPT_NIFTY_20250529_CE_2470000,0,0,0,0,4950,2734627.5,4950
OPT_NIFTY_20250529_PE_2470000,0,0,0,0,-600,-128490,-600
OPT_NIFTY_20250529_CE_2480000,0,0,0,0,9825,4744492.5,9825
OPT_NIFTY_20250529_PE_2480000,0,0,0,0,1575,385481.25,1575
OPT_NIFTY_20250529_CE_2490000,0,0,0,0,5850,2438865,5850
OPT_NIFTY_20250529_PE_2490000,0,0,0,0,-150,-41445,-150
OPT_NIFTY_20250529_CE_2500000,0,0,0,0,-3300,-1172655,-3300
OPT_NIFTY_20250529_PE_2500000,0,0,0,0,-900,-284805,-900
OPT_NIFTY_20250529_CE_2510000,0,0,0,0,-3450,-1041555,-3450
OPT_NIFTY_20250529_CE_2520000,0,0,0,0,-300,-75225,-300
OPT_NIFTY_20250529_CE_2530000,0,0,0,0,525,107362.5,525
OPT_NIFTY_20250529_CE_2540000,0,0,0,0,4200,700770,4200
OPT_NIFTY_20250529_CE_2550000,0,0,0,0,5550,745642.5,5550
OPT_NIFTY_20250529_PE_2335000,0,0,0,0,-900,-44145,-900
OPT_NIFTY_20250529_PE_2365000,0,0,0,0,-300,-19755,-300
OPT_NIFTY_20250529_PE_2405000,0,0,0,0,-1050,-104475,-1050
OPT_NIFTY_20250529_CE_2415000,0,0,0,0,-1575,-1576338.75,-1575
OPT_NIFTY_20250529_PE_2415000,0,0,0,0,-1350,-150255,-1350
OPT_NIFTY_20250529_CE_2425000,0,0,0,0,-1350,-1236870,-1350
OPT_NIFTY_20250529_PE_2425000,0,0,0,0,-150,-18577.5,-150
OPT_NIFTY_20250529_CE_2435000,0,0,0,0,-600,-494850,-600
OPT_NIFTY_20250529_PE_2435000,0,0,0,0,-225,-31263.75,-225
OPT_SENSEX_20250513_CE_8100000,0,0,0,0,-1900,-2977680,-1900
OPT_SENSEX_20250513_PE_8100000,0,0,0,0,2020,163822,2020
OPT_SENSEX_20250513_CE_8110000,0,0,0,0,-2160,-3174336,-2160
OPT_SENSEX_20250513_PE_8110000,0,0,0,0,-500,-46100,-500
OPT_SENSEX_20250513_CE_8120000,0,0,0,0,-2240,-3091536,-2240
OPT_SENSEX_20250513_PE_8120000,0,0,0,0,-2140,-222453,-2140
OPT_SENSEX_20250513_CE_8130000,0,0,0,0,-2360,-3035078,-2360
OPT_SENSEX_20250513_PE_8130000,0,0,0,0,-2540,-297815,-2540
OPT_SENSEX_20250513_CE_8140000,0,0,0,0,-2100,-2505825,-2100
OPT_SENSEX_20250513_PE_8140000,0,0,0,0,-3160,-420122,-3160
OPT_SENSEX_20250513_CE_8150000,0,0,0,0,-1080,-1191564,-1080
OPT_SENSEX_20250513_PE_8150000,0,0,0,0,-1900,-279015,-1900
OPT_SENSEX_20250513_CE_8160000,0,0,0,0,-2060,-2152700,-2060
OPT_SENSEX_20250513_PE_8160000,0,0,0,0,-3280,-545628,-3280
OPT_SENSEX_20250513_CE_8170000,0,0,0,0,-1160,-1104436,-1160
OPT_SENSEX_20250513_PE_8170000,0,0,0,0,-3160,-590130,-3160
OPT_SENSEX_20250513_CE_8180000,0,0,0,0,-2260,-1968121,-2260
OPT_SENSEX_20250513_PE_8180000,0,0,0,0,-2840,-591572,-2840
OPT_SENSEX_20250513_CE_8190000,0,0,0,0,-3300,-2623170,-3300
OPT_SENSEX_20250513_PE_8190000,0,0,0,0,-1300,-302835,-1300
OPT_SENSEX_20250513_CE_8200000,0,0,0,0,-2920,-2120358,-2920
OPT_SENSEX_20250513_PE_8200000,0,0,0,0,100,25880,100
OPT_SENSEX_20250513_CE_8210000,0,0,0,0,-3360,-2181984,-3360
OPT_SENSEX_20250513_PE_8210000,0,0,0,0,-600,-174060,-600
OPT_SENSEX_20250513_CE_8220000,0,0,0,0,-3260,-1910849,-3260
OPT_SENSEX_20250513_PE_8220000,0,0,0,0,500,161575,500
OPT_SENSEX_20250513_CE_8230000,0,0,0,0,-2280,-1184574,-2280
OPT_SENSEX_20250513_PE_8230000,0,0,0,0,3300,1192290,3300
OPT_SENSEX_20250513_CE_8240000,0,0,0,0,-800,-371720,-800
OPT_SENSEX_20250513_PE_8240000,0,0,0,0,4220,1673019,4220
OPT_SENSEX_20250513_CE_8250000,0,0,0,0,940,385400,940
OPT_SENSEX_20250513_PE_8250000,0,0,0,0,4620,2002539,4620
OPT_SENSEX_20250513_CE_8260000,0,0,0,0,820,293191,820
OPT_SENSEX_20250513_PE_8260000,0,0,0,0,3540,1711413,3540
OPT_SENSEX_20250513_CE_8270000,0,0,0,0,260,80756,260
OPT_SENSEX_20250513_PE_8270000,0,0,0,0,2040,1085382,2040
OPT_SENSEX_20250513_CE_8280000,0,0,0,0,420,112350,420
OPT_SENSEX_20250513_CE_8290000,0,0,0,0,460,105248,460
OPT_SENSEX_20250513_CE_8300000,0,0,0,0,1020,197523,1020
OPT_SENSEX_20250513_CE_8310000,0,0,0,0,1100,177650,1100
OPT_SENSEX_20250513_CE_8320000,0,0,0,0,920,125028,920
OPT_SENSEX_20250513_CE_8330000,0,0,0,0,1380,156354,1380
OPT_SENSEX_20250513_CE_8340000,0,0,0,0,380,35625,380
OPT_SENSEX_20250513_CE_8350000,0,0,0,0,60,4635,60
OPT_SENSEX_20250513_CE_8360000,0,0,0,0,1080,69984,1080
OPT_SENSEX_20250513_CE_8370000,0,0,0,0,840,45360,840
OPT_SENSEX_20250513_CE_8380000,0,0,0,0,60,2715,60
OPT_SENSEX_20250513_CE_8390000,0,0,0,0,220,8426,220
OPT_SENSEX_20250513_CE_8400000,0,0,0,0,580,17980,580
OPT_SENSEX_20250513_CE_8410000,0,0,0,0,-560,-14924,-560
OPT_SENSEX_20250513_CE_8420000,0,0,0,0,-380,-8531,-380
OPT_SENSEX_20250513_CE_8430000,0,0,0,0,220,4125,220
OPT_SENSEX_20250513_CE_8440000,0,0,0,0,-380,-6156,-380
OPT_SENSEX_20250513_CE_8450000,0,0,0,0,-500,-6650,-500
OPT_SENSEX_20250513_CE_8460000,0,0,0,0,-860,-10105,-860
OPT_SENSEX_20250513_CE_8470000,0,0,0,0,-980,-9996,-980
OPT_SENSEX_20250513_CE_8480000,0,0,0,0,-1320,-12078,-1320
OPT_NIFTY_20250515_CE_2525000,0,0,0,0,75,5625,75
OPT_NIFTY_20250529_CE_2445000,0,0,0,0,-1125,-841162.5,-1125
OPT_NIFTY_20250529_PE_2445000,0,0,0,0,-75,-11696.25,-75
OPT_NIFTY_20250529_CE_2455000,0,0,0,0,-2625,-1759143.75,-2625
OPT_NIFTY_20250529_PE_2455000,0,0,0,0,-825,-142436.25,-825
OPT_NIFTY_20250529_CE_2465000,0,0,0,0,1650,976965,1650
OPT_NIFTY_20250529_PE_2465000,0,0,0,0,-825,-164546.25,-825
OPT_NIFTY_20250529_CE_2475000,0,0,0,0,7125,3693600,7125
OPT_NIFTY_20250529_PE_2475000,0,0,0,0,-150,-34162.5,-150
OPT_NIFTY_20250529_CE_2485000,0,0,0,0,6300,2834370,6300
OPT_NIFTY_20250529_PE_2485000,0,0,0,0,-450,-117202.5,-450
OPT_NIFTY_20250529_CE_2495000,0,0,0,0,-450,-175140,-450
OPT_NIFTY_20250529_PE_2495000,0,0,0,0,-375,-110643.75,-375
OPT_NIFTY_20250529_CE_2505000,0,0,0,0,-300,-99285,-300
OPT_NIFTY_20250529_PE_2505000,0,0,0,0,-150,-50407.5,-150
OPT_NIFTY_20250529_CE_2515000,0,0,0,0,-1200,-332400,-1200
OPT_NIFTY_20250529_CE_2525000,0,0,0,0,-900,-204795,-900
OPT_NIFTY_20250529_CE_2535000,0,0,0,0,-450,-84420,-450
OPT_NIFTY_20250529_CE_2545000,0,0,0,0,3900,589875,3900
OPT_NIFTY_20250605_PE_2350000,0,0,0,0,-3150,-260032.5,-3150
OPT_NIFTY_20250605_PE_2380000,0,0,0,0,-825,-89306.25,-825
OPT_NIFTY_20250605_PE_2390000,0,0,0,0,-2850,-338152.5,-2850
OPT_NIFTY_20250605_PE_2400000,0,0,0,0,-1425,-187815,-1425
OPT_NIFTY_20250605_CE_2410000,0,0,0,0,675,725625,675
OPT_NIFTY_20250605_PE_2410000,0,0,0,0,-4950,-706612.5,-4950
OPT_NIFTY_20250605_CE_2420000,0,0,0,0,-75,-78386.25,-75
OPT_NIFTY_20250605_PE_2420000,0,0,0,0,-6000,-978000,-6000
OPT_NIFTY_20250605_CE_2430000,0,0,0,0,-225,-207303.75,-225
OPT_NIFTY_20250605_PE_2430000,0,0,0,0,-6375,-1084068.75,-6375
OPT_NIFTY_20250605_CE_2440000,0,0,0,0,-1800,-1531260,-1800
OPT_NIFTY_20250605_PE_2440000,0,0,0,0,-6525,-1252800,-6525
OPT_NIFTY_20250605_CE_2450000,0,0,0,0,-6375,-4973137.5,-6375
OPT_NIFTY_20250605_PE_2450000,0,0,0,0,-6300,-1313235,-6300
OPT_NIFTY_20250605_CE_2460000,0,0,0,0,-450,-316575,-450
OPT_NIFTY_20250605_PE_2460000,0,0,0,0,-150,-35460,-150
OPT_NIFTY_20250605_PE_2470000,0,0,0,0,1200,311940,1200
OPT_NIFTY_20250605_PE_2480000,0,0,0,0,10350,2948715,10350
OPT_NIFTY_20250605_CE_2490000,0,0,0,0,2100,1017555,2100
OPT_NIFTY_20250605_PE_2490000,0,0,0,0,5550,1736040,5550
OPT_NIFTY_20250605_CE_2500000,0,0,0,0,1575,661263.75,1575
OPT_NIFTY_20250605_PE_2500000,0,0,0,0,5025,1800206.25,5025
OPT_NIFTY_20250605_CE_2510000,0,0,0,0,1950,707362.5,1950
OPT_NIFTY_20250605_CE_2520000,0,0,0,0,1200,368520,1200
OPT_NIFTY_20250605_CE_2530000,0,0,0,0,3525,932715,3525
OPT_NIFTY_20250605_CE_2540000,0,0,0,0,1575,350516.25,1575
OPT_NIFTY_20250605_CE_2550000,0,0,0,0,825,153532.5,825
OPT_NIFTY_20250605_PE_2375000,0,0,0,0,-600,-60720,-600
OPT_NIFTY_20250605_CE_2405000,0,0,0,0,450,511807.5,450
OPT_NIFTY_20250605_PE_2405000,0,0,0,0,-375,-48000,-375
OPT_NIFTY_20250605_CE_2415000,0,0,0,0,-750,-756975,-750
OPT_NIFTY_20250605_PE_2415000,0,0,0,0,-825,-123090,-825
OPT_NIFTY_20250605_CE_2425000,0,0,0,0,-150,-148050,-150
OPT_NIFTY_20250605_PE_2425000,0,0,0,0,-1125,-186468.75,-1125
OPT_NIFTY_20250605_PE_2435000,0,0,0,0,-1875,-346781.25,-1875
OPT_NIFTY_20250605_CE_2455000,0,0,0,0,-75,-54105,-75
OPT_NIFTY_20250605_PE_2455000,0,0,0,0,-300,-67470,-300
OPT_NIFTY_20250605_PE_2465000,0,0,0,0,375,93187.5,375
OPT_NIFTY_20250605_PE_2475000,0,0,0,0,75,20580,75
OPT_NIFTY_20250605_CE_2485000,0,0,0,0,2025,1035686.25,2025
OPT_NIFTY_20250605_PE_2485000,0,0,0,0,2925,851760,2925
OPT_NIFTY_20250605_CE_2495000,0,0,0,0,225,102093.75,225
OPT_NIFTY_20250605_PE_2495000,0,0,0,0,375,127106.25,375
OPT_NIFTY_20250605_CE_2505000,0,0,0,0,525,201731.25,525
OPT_NIFTY_20250605_PE_2505000,0,0,0,0,150,57555,150
OPT_NIFTY_20250605_CE_2515000,0,0,0,0,150,49762.5,150
OPT_NIFTY_20250605_CE_2535000,0,0,0,0,75,23047.5,75
OPT_NIFTY_20250605_CE_2545000,0,0,0,0,75,20332.5,75
OPT_NIFTY_20250612_PE_2400000,0,0,0,0,-75,-12360,-75
OPT_NIFTY_20250612_CE_2520000,0,0,0,0,-225,-83857.5,-225
OPT_NIFTY_20250626_CE_2410000,0,0,0,0,450,574650,450
OPT_NIFTY_20250626_PE_2410000,0,0,0,0,-900,-204390,-900
OPT_NIFTY_20250626_CE_2420000,0,0,0,0,6900,8262750,6900
OPT_NIFTY_20250626_PE_2420000,0,0,0,0,-4425,-1080142.5,-4425
OPT_NIFTY_20250626_CE_2430000,0,0,0,0,6825,7545037.5,6825
OPT_NIFTY_20250626_PE_2430000,0,0,0,0,-11100,-2924295,-11100
OPT_NIFTY_20250626_CE_2440000,0,0,0,0,2775,2868517.5,2775
OPT_NIFTY_20250626_PE_2440000,0,0,0,0,-6150,-1752750,-6150
OPT_NIFTY_20250626_CE_2450000,0,0,0,0,-2025,-1933875,-2025
OPT_NIFTY_20250626_PE_2450000,0,0,0,0,-17250,-5369062.5,-17250
OPT_NIFTY_20250626_CE_2460000,0,0,0,0,-75,-66498.75,-75
OPT_NIFTY_20250626_PE_2460000,0,0,0,0,-6600,-2218590,-6600
OPT_NIFTY_20250626_CE_2470000,0,0,0,0,-4050,-3294675,-4050
OPT_NIFTY_20250626_PE_2470000,0,0,0,0,675,243641.25,675
OPT_NIFTY_20250626_CE_2480000,0,0,0,0,-4950,-3680325,-4950
OPT_NIFTY_20250626_PE_2480000,0,0,0,0,2250,877612.5,2250
OPT_NIFTY_20250626_CE_2490000,0,0,0,0,-2250,-1517512.5,-2250
OPT_NIFTY_20250626_PE_2490000,0,0,0,0,8250,3526462.5,8250
OPT_NIFTY_20250626_CE_2500000,0,0,0,0,-7425,-4545956.25,-7425
OPT_NIFTY_20250626_PE_2500000,0,0,0,0,7350,3349027.5,7350
OPT_NIFTY_20250626_CE_2510000,0,0,0,0,-675,-371148.75,-675
OPT_NIFTY_20250626_PE_2510000,0,0,0,0,6000,3020100,6000
OPT_NIFTY_20250626_CE_2520000,0,0,0,0,-4275,-2104155,-4275
OPT_NIFTY_20250626_PE_2520000,0,0,0,0,1575,853177.5,1575
OPT_NIFTY_20250626_CE_2530000,0,0,0,0,1950,854197.5,1950
OPT_NIFTY_20250626_CE_2540000,0,0,0,0,4875,1885650,4875
OPT_NIFTY_20250626_CE_2550000,0,0,0,0,6000,2040900,6000
OPT_NIFTY_20250626_CE_2415000,0,0,0,0,225,279427.5,225
OPT_NIFTY_20250626_PE_2415000,0,0,0,0,-3600,-858600,-3600
OPT_NIFTY_20250626_CE_2425000,0,0,0,0,3450,3977332.5,3450
OPT_NIFTY_20250626_PE_2425000,0,0,0,0,-4950,-1266705,-4950
OPT_NIFTY_20250626_PE_2435000,0,0,0,0,-3900,-1075620,-3900
OPT_NIFTY_20250626_CE_2445000,0,0,0,0,375,372881.25,375
OPT_NIFTY_20250626_PE_2445000,0,0,0,0,-2025,-594641.25,-2025
OPT_NIFTY_20250626_PE_2455000,0,0,0,0,300,96855,300
OPT_NIFTY_20250626_CE_2465000,0,0,0,0,-525,-446276.25,-525
OPT_NIFTY_20250626_PE_2465000,0,0,0,0,900,313515,900
OPT_NIFTY_20250626_CE_2475000,0,0,0,0,-2250,-1755562.5,-2250
OPT_NIFTY_20250626_PE_2475000,0,0,0,0,750,283387.5,750
OPT_NIFTY_20250626_CE_2485000,0,0,0,0,-1050,-747757.5,-1050
